,0_RfR 0,0_RfR 1,0_RfR 2,1_RfR 0,1_RfR 1,1_RfR 2,2_RfR 0,2_RfR 1,2_RfR 2,3_RfR 0,3_RfR 1,3_RfR 2,4_RfR 0,4_RfR 1,4_RfR 2,EWS_DaysToThreat,A.1_DikeIncrease 0,A.1_DikeIncrease 1,A.1_DikeIncrease 2,A.2_DikeIncrease 0,A.2_DikeIncrease 1,A.2_DikeIncrease 2,A.3_DikeIncrease 0,A.3_DikeIncrease 1,A.3_DikeIncrease 2,A.4_DikeIncrease 0,A.4_DikeIncrease 1,A.4_DikeIncrease 2,A.5_DikeIncrease 0,A.5_DikeIncrease 1,A.5_DikeIncrease 2,Damage Cost,Deaths Score,Dike Invest Cost,RfR Invest Cost,Evacuation Cost
0,1,1,1,0,1,1,1,0,1,0,0,0,0,0,0,1,1,6,0,9,0,3,9,0,4,1,1,6,1,3,3,3.862087314699212e+19,0.6987250403383315,3.4493539324505174e+19,1.4092516e+21,9354510073.84913
1,1,0,0,0,0,1,1,1,0,1,1,0,1,0,0,2,9,6,6,1,1,7,0,8,6,10,2,6,4,0,3,1.4853008849264388e+16,6.176808610254982e-05,3.456034414392329e+19,1.858903225e+21,699403705361.6965
2,0,1,0,0,0,0,1,1,0,1,1,0,1,1,0,0,9,3,8,9,4,2,3,7,10,4,6,0,4,8,1,1412413050465013.8,0.00021978881052451773,5.653190447107961e+19,2.0277009e+21,0.0
3,1,0,0,0,0,0,1,1,0,1,1,1,1,1,0,1,1,7,6,3,2,1,10,6,1,6,1,3,10,2,7,0.0,0.0,9.401454750629859e+19,2.6101881e+21,9064010257.402102
